id,text,label
1,p图技术再练练吧 根本没本人好看,捧场
2,这个真喷不了 正脸像我老婆 侧脸像我老婆左上脸像我老婆 右上脸像我老婆 左下脸像我老婆右下脸像我老婆 头顶像我老婆发际线像我老婆 下颚线像我老婆,捧场
3,我是学生给我亲一口我求求你了我求求你了求求你了,捧场
4,对不起 我是故意刷到的 请不要缠上我的家人朋友 请缠上我❤️❤️🙏,捧场
5,我滴妈 你是要迷死我这个北京太子爷 资产过百亿美元 男的 很帅 土象 圈子小 三观正 会哄你 偶尔会有点小脾气 吵架会低头目前在马来西亚读博士明年去美国做导师的18岁男子吗？,捧场
6,恋吗 他们说菜就多恋 美女姐姐！看这！这里！！！Oi!Oi!Oi！（猛拍肚皮）Oi!Oi!Oi！（猛拍肚皮）Oi!Oi！,捧场
7,💗҈怦҈💗҈ ҈🥵҈我҈神҈魂҈颠҈倒҈🥵҈ ҈躁҈动҈的҈心҈❤҈️҈在҈放҈鞭҈炮҈🎉҈ ҈🥵҈神҈魂҈颠҈倒҈🥵҈ ҈🥵҈迷҈恋҈着҈你҈,捧场
8,姐姐好美(踢走其他小狗)(跑到面前摇尾巴)(又有其他小狗来)(和其他小狗打架)(踢走其他小狗)(满身伤痕摇尾巴),捧场
9,😍🤲🏻你完蛋了😌💍往后的日子你就等着吧😼👐🏻我从来没有这么喜欢一个人过😫❤️😉我真的是觉得😭😱我这一生就是为了来保护你的😉🤲🏻😽,捧场
10,⁶⁶⁶⁶⁶⁶ ⁶⁶ ₆₆₆₆这太美了吧₆₆₆₆⁶⁶⁶⁶⁶⁶被美晕⁶⁶666⁶⁶⁶⁶⁶⁶66⁶⁶⁶想嫁了⁶⁶⁶⁶⁶⁶ ⁶6666⁶⁶666₆₆₆₆₆666 ⁶⁶⁶⁶⁶⁶666666₆₆₆₆₆₆,捧场
11,你想发自拍就发，但你发自拍从来没有想过我的感受，你只知道发，却不知道我看到你自拍心里是多么愉悦、震撼、感动，你既然让我看到了公主就应该让我多看两眼，多发几张，你根本不懂，你只在意你自己。,捧场
12,这个喷不了，长的太爽了，拉子看了发神经，直女看了断月经，这简直是抑郁症的克星，植物人的闹铃,捧场
13,太萌了，本来在地里耕田的，一看到姐姐的自拍就跟打了鸡血一样，我一脚把牛踢开了 自己耕了20亩地，假如百年之后，若有强敌入侵，还请在我坟头放此美照，吾自当破土而出守我华夏，击退强敌……,捧场
14,似乎一切都有期限，这样多无趣，我还是喜欢一切无规律可循的事，比方我躺树下看星空 姐姐突然掉下砸我怀里,捧场
15,朕的百灵鸟 今晚就让苏培盛去接你,捧场
16,中通 申通 圆通 都不及我看到老婆的心扑通扑通,捧场
17,呜呜呜 我没有其他小狗会说 只能喊老婆～（摇尾巴）,捧场
18,晚上记得把窗户锁好，我这个人带麻袋爬窗很快的,捧场
19,那年杏花微雨，姐姐抛下我和孩子就去了城里，现在姐姐过的风生水起 还记不记得乡下的我和孩子。,捧场
20,能晚点嫁人吗 双色球我每期都在买了,捧场
21,姐姐我遇见你就像东北人吃面 毫无剩蒜,捧场
22,不知道你喜欢什么颜色的麻袋所以我都准备好了 这就把你偷回家,捧场
23,我真的陷入爱情了，每天都这么心动,捧场
24,绝味都找不到这么绝的锁骨！,捧场
25,你是在女娲那儿充了VIP吗？,捧场
26,我看见你，这感觉就像在～ 撞撞 ～小鹿乱撞 you make me drunk I say you make me drunk I pretty sure 你是美酒🍷🍷🍷年下中的拉菲 把你摇晃在我的酒杯散发伊甸园🍇🍇🍇里的香味 无法扺抗你的完美🥵🥵🥵我也想要和你醉🥂🥂🥂,捧场
27,我就是稍微问一句 绝对没有冒犯的意思 也可能是我搞错了 又或者其实我是出现了幻觉 不管怎么样 我都希望我们能秉持着友好理性的相处原则 不要因为一些可能的误会伤害了我们之间的友谊 最后再说一句 我绝对没有冒犯的意思 只是本着对于宇宙本质的伟大探究精神以及求真务实的精神发问:“你好，结婚吗？”,捧场
28,嫁我。（这句话虽然只有短短两个字，却透露出一丝高冷与漫不经心的从容，与人放荡不羁的身影相得益彰，结尾的句号礼貌又不失疏离感恰如其分地显示了本人高贵而优雅的气质美女你真是皎如玉树绝世无其二温其如玉乱我心绪盛世美颜恃靓行凶教科书级别的美貌）,捧场
29,你好，刚从美国回来，秀一段英语l love you,捧场
30,看到这张脸我会给世界一些好脸色,捧场
31,姐姐开门，我是姐夫,捧场
32,姐姐，等会儿放学要不要一起走,捧场
33,这颜值我给你打97分，别问我为什么，因为骑着摩托车等红灯时，为了看清楚你，把头盔摘下来被扣了3分,捧场
34,可恶...刚哄好自己长的是耐看型,捧场
35,死丫头，把我的心骗走了,捧场
36,oi小鬼你知道天气为什么这么热吗？因为想你想的燥热啊！o.o,捧场
37,我滴妈，你是要迷死我这个北京太子爷，资产过百亿美元，男的，很帅，土象，圈子小，三观正，会哄你，偶尔会有点小脾气，吵架会低头，目前在马来西亚读博士明年去美国做导师的18岁男子吗？,捧场
38,我其实根本没有被主播迷倒 我就是在跟她博弈 我装作被她迷得神魂颠倒 其实这都是我计划里的一部分 一切都在按计划进行 你们都别说了 我其实自有打算,捧场
39,绝味都找不到这么绝的锁骨,捧场
40,看手还以为是手模呢，没想到一露脸是维密超模,捧场
41,他爸的中国尤物,捧场
42,开播，我立马刷礼物,捧场
43,大家好，我是秦始皇，我醒来时发现自己在现在这个奇怪的地方，只要你们把图片里这个美人送到我身边来我就能回到秦朝，等我回去就赏你们黄金万两,捧场
44,不萌则已，一萌惊人,捧场
45,这位更是妈妈级别,捧场
46,我将故意走到你前面做空气投篮,捧场
47,我再说一遍，轮到我谈了,捧场
48,姐不白看，姐给你点赞（暗示点赞）,捧场
49,老师，我想知道一下。如果你的现老婆和前老婆掉进水里，我可以做你的新老婆吗,捧场
50,萌物中的萌物 萌物中的统治者 萌物之主 萌物的终结者 萌王 萌师 萌神 压倒性萌物 萌物史上永垂不朽的巅峰,捧场
51,妲己可以眩晕我,捧场
52,5秒，张良可以控制我,捧场
53,2秒。东皇也可以控制我,捧场
54,2秒，墨子大招能眩晕我,捧场
55,3秒。弈星大招可以限制我四秒。老夫子大招能困住我五秒。可是姐姐的魅力却困了我一辈子。,捧场
56,我将尾随你并偷闻香气,捧场
57,yes成功引起你的注意,捧场
58,宝宝/女神…➕你是一个➕小猫咪/晴天娃娃/…,捧场
59,妹子/…➕我爱你啊啊啊…➕emoji🥺🥺😽💗💕,捧场
60,求女神勾搭私联,捧场
61,今天就是我们结婚第一天好吗💍,捧场
62,我要亲你了。,捧场
63,时间不早了我和孩子都想你了,捧场
64,女神怎么来这么慢来睡觉,捧场
65,那很荣幸了🥺,捧场
66,名字➕我宣你/想你了,捧场
67,太可爱的宝宝连夸出来的话都这么萌! (〃>▽<〃)/*,捧场
68,想了半天漂亮话发现最漂亮的是你,捧场
69,作者亲过ටωට,捧场
70,这时候就有人要问了 我们宝宝咋这么会夸呀(⸝⸝› з ‹⸝⸝)‬,捧场
71,嘴真甜，吻了,捧场
72,就这么一直被老婆宠着…,捧场
73,被宝宝喜欢也是一种天赋,捧场
74,有的人天生就是当老婆的料,捧场
75,我买的水军来了,捧场
76,被宝宝夸了我今天会给所有人好脸色看(๑‾ ꇴ ‾๑),捧场
77,嘿嘿嘿(扭捏)(羞涩)(揪衣角)(上半身拧半圈),捧场
78,今天的好心情在你这里了,捧场
79,这时候就有人要问了，宝宝怎么这么会夸呀(៸៸᳐⦁⩊⦁៸៸᳐ )੭ ﾞ,捧场
80,矮泥yo宝宝₍˄ _ ̫ _ ˄₎◞ ̑̑,捧场
81,宝宝你是一个特别会夸人的小蛋糕•͈ ₃ •͈,捧场
82,我也不会放弃成为宝宝你这种大美女的(´◊ω◊｀),捧场
83,这时候就要感谢美图秀秀的大力支持了>ㅅ<,捧场
84,美女夸我幸福到昏古( ˵>ㅿ<˵ )♡♡,捧场
85,不知道在夸什么 完全Kiss 不到啊^>⸝⸝⸝⸝<^,捧场
86,是谁偷着乐我不说跟你一样咱们都是相由心生๑'ꇴ'๑,捧场
87,萌宝宝怎么连夸夸都萌萌的(◍ ´꒳` ◍),捧场
88,XX老婆我喜欢你啊啊啊啊!(σ≧∀≦)σ,捧场
89,好荣幸 ~\(≧▽≦)/~被宝宝这么萌的老婆夸了,捧场
90,萌的震撼一下老婆!:*,捧场
91,宝宝这么夸窝都有点不好意思惹(*’√`*),捧场
92,被宝宝经常夸夸 所以越来越自信越来越美噜Σ( ˙꒳​˙ ),捧场
93,听说过你 很萌 乃世间萌宝！( ˶'ᵕ'˶)♡,捧场
94,就是萌！正面看，萌！背面看，萌！左边看，萌！右面看，萌！上面看，萌！下面看，萌！用苹果手机看，萌！用华为手机看，萌！用小米手机看，萌！用三星手机看，萌！用欧坡手机看，萌！用维沃手机看，萌！用八八四八手机看，萌！！,捧场
95,姐姐 等会儿放学要不要一起走(>.<) 不可以拒绝我的理由有很多： 第一，有我陪你不会孤独( ๑╹ꇴ╹๑ ) 第二，遇到小混混我来保护你👊🏻 第三，我口袋里的五毛钱可以给你买糖´༥` 第四，等想到更多的再补充……,捧场
96,我草？这哪来的萌妹子！这么可爱！原来是我们家咪咪呀！,捧场
97,停一停 朋友圈最萌的宝宝出现啦☆*:.｡. o(≧▽≦)o .｡.:*☆,捧场
98,你生气可爱 哭脸可爱 说话可爱 亲我可爱 坦诚可爱 委屈可爱 让我滚可爱 想我的时候可爱 骂我的时候可爱 你这个人 你怎么么可爱？你简直长在我的萌点上,捧场
99,你是个漂亮的小女孩 容易被色狼盯上 防狼是你的必修课 天天防狼也是会累的 不过不要担心 以后你不用防狼了 因为你的郎来了！,捧场
100,这个喷不了 这个像我老婆 这个太美了 正脸像我老婆 左侧脸像我爸的女婿 右侧脸像我妈的女婿 下面看像我哥的妹夫 上面看像我姐的妹夫 远看像我弟的姐夫 近看像我妹的姐夫 后面看像我的宝宝 摆动作看像我的老婆 生气时像我的老婆,捧场
101,唉，好累，现在只想有个人爱上我，我能每天和他说一点很笨很笨的话撒撒娇...一起散散步然后，然后我们就这样幸福地生活,捧场
102,⁶⁶⁶⁶⁶⁶ ⁶⁶ ₆₆₆₆这太美了吧₆₆₆₆⁶⁶⁶⁶⁶⁶被美晕⁶⁶666⁶⁶⁶⁶⁶⁶66⁶⁶⁶想嫁了⁶⁶⁶⁶⁶⁶ ⁶6666⁶⁶666₆₆₆₆₆666 ⁶⁶⁶⁶⁶⁶666666₆₆₆₆₆₆,捧场
103,对姐姐的爱就像尿裤子，所有人都能看见，但是暖暖的只有自己知道,捧场
104,ㅎㄹ...真的疯了 完全是 legend 啊ㅋㅋ这种程度真的不是天才吗 ㅅㅂ…做到这种程度的话就完全是神吧ㅠㅠ…以后也请一直幸福地生活下去吧♡ 今天完全展现出帅气的角度呢 是路过的蚂蚁都会惊叹的程度啊,捧场
105,你好，刚从美国回来，秀一段英语l love you,捧场
106,看到这张脸我会给世界一些好脸色,捧场
107,姐姐开门，我是姐夫,捧场
108,姐姐，等会儿放学要不要一起走,捧场
109,这颜值我给你打97分，别问我为什么，因为骑着摩托车等红灯时，为了看清楚你，把头盔摘下来被扣了3分,捧场
110,可恶...刚哄好自己长的是耐看型,捧场
111,死丫头，把我的心骗走了,捧场
112,oi小鬼你知道天气为什么这么热吗？因为想你想的燥热啊！o.o,捧场
113,我滴妈，你是要迷死我这个北京太子爷，资产过百亿美元，男的，很帅，土象，圈子小，三观正，会哄你，偶尔会有点小脾气，吵架会低头，目前在马来西亚读博士明年去美国做导师的18岁男子吗？,捧场
114,我其实根本没有被主播迷倒 我就是在跟她博弈 我装作被她迷得神魂颠倒 其实这都是我计划里的一部分 一切都在按计划进行 你们都别说了 我其实自有打算,捧场
115,绝味都找不到这么绝的锁骨,捧场
116,看手还以为是手模呢，没想到一露脸是维密超模,捧场
117,他爸的中国尤物,捧场
118,开播，我立马刷礼物,捧场
119,大家好，我是秦始皇，我醒来时发现自己在现在这个奇怪的地方，只要你们把图片里这个美人送到我身边来我就能回到秦朝，等我回去就赏你们黄金万两,捧场
120,不萌则已，一萌惊人,捧场
121,这位更是妈妈级别,捧场
122,我将故意走到你前面做空气投篮,捧场
123,我再说一遍，轮到我谈了,捧场
124,姐不白看，姐给你点赞（暗示点赞）,捧场
125,老师，我想知道一下。如果你的现老婆和前老婆掉进水里，我可以做你的新老婆吗,捧场
126,萌物中的萌物 萌物中的统治者 萌物之主 萌物的终结者 萌王 萌师 萌神 压倒性萌物 萌物史上永垂不朽的巅峰,捧场
127,妲己可以眩晕我,捧场
128,5秒，张良可以控制我,捧场
129,2秒。东皇也可以控制我,捧场
130,2秒，墨子大招能眩晕我,捧场
131,3秒。弈星大招可以限制我四秒。老夫子大招能困住我五秒。可是姐姐的魅力却困了我一辈子。,捧场
132,我是学生给我亲一口我求求你了我求求你了我求求你了我求求你了我求求你了我求求你了我求求你了我求求你了我求求你了我求求你了,捧场
133,5秒，张良可以控制我,捧场
134,2秒。东皇也可以控制我,捧场
135,2秒，墨子大招能眩晕我,捧场
136,3秒。弈星大招可以限制我四秒。老夫子大招能困住我五秒。可是姐姐的魅力却困了我一辈子。 4、我是学生给我亲一口我求求你了我求求你了我求求你了我求求你了我求求你了我求求你了我求求你了我求求你了我求求你了我求求你了 5、我的眼睛本来长这样 OvO 后来看见宝宝后就变成了♡v♡ 6、宝宝 你穿成这样走进蛋糕店会被赶出来的呀 老板会指着蛋糕橱柜说我们店是卖草莓小蛋糕的 要是一不小心把你卖掉了怎么办呀！ 7、宝宝你真的特别萌我真是不明白了为什么你这么萌你知道你自己这么萌吗如果不传播宝的可爱全世界都要毁灭了世界没有你可怎么转只能强撑都是强撑罢了太萌了我的宝萌的我从地球螺旋升天我的好宝宝 8、萌的我打翻拼好饭૮₍ ˃̵ᴗ˂̵₎ა 9、不知道要夸什么 完全kiss不到呀๑ ›﹃ ‹ ๑ 10、姐姐你美的我神魂颠倒，直接360°旋转倒立扫堂腿接着帅气旋转单膝落地。,捧场
137,这颜值我打97分，别问我为什么，因为骑着摩托车等红绿灯时，为了看清你，把头盔摘下来被扣了三分,捧场
138,就是萌！正面看，萌！背面看，萌！左边看，萌！右面看，萌！上面看，萌！下面看，萌！用苹果手机看，萌！用华为手机看，萌！用小米手机看，萌！用三星手机看，萌！用欧坡手机看，萌！用维沃手机看，萌！用八八四八手机看，萌！！,捧场
139,美得我抬头撞到了天花板（一般人长不到这么高的）,捧场
140,这个喷不了，长的太爽了，拉子看了发神经，直女看了断月经，这简直是抑郁症的克星，植物人的闹铃,捧场
141,现在这个账号是angelababy在用吗,捧场
142,宝宝不要把自己逼得太紧 平时放松一下 比如饿了就拍美照 困了就拍抖舞 想休息就拍手势舞 无聊了就剪vlog,捧场
143,宝宝 你穿成这样走进蛋糕店会被赶出来的呀 老板会指着蛋糕橱柜说我们店是卖草莓小蛋糕的 要是一不小心把你卖掉了怎么办呀！,捧场
144,今天在迷你世界搬完砖，被妮妮和酋长压榨，少发了100迷你豆工资，回家的路上还被mc真爱粉追着扔鸡蛋，浑身湿透透的，现在回到家拿起手机看见这么好的你也是值了,捧场
145,对姐姐的爱就像尿裤子，所有人都能看见，但是暖暖的只有自己知道,捧场
146,以后炒菜不用放盐了，因为你的美貌无需多言,捧场
147,古代有一种甜品的制作方法，中间是一个窝窝头，四周紧挨着一圈甜芋泥，非常美味。我一直想不起来这种甜品叫什么，直到见到了你，我突然想了起来，大喊：窝挨泥啊！窝挨泥！,捧场
148,姐姐好美 (踢走其他小狗)(跑到面前摇尾巴)(又有其他小狗来)(和其他小狗打架)(踢走其他小狗)(满身伤痕摇尾巴),捧场
149,美到我立刻下单飞机票，准备冲破屏幕来见你，别拦我，这是我此生必须要做的事！,捧场
150,救命！看到这直接瞳孔地震，这颜值是真实存在的吗？我宣布从今天起你就是我命中注定的神！（疯狂敲键盘）（把周围同事吓一跳）,捧场
151,宝贝在干嘛 mua啊 在吗 睡了吗（靠着宝马）（带着墨镜）（嘴叼玫瑰）（吹个口哨）,捧场
152,我将尾随你并偷闻香气,捧场
153,yes成功引起你的注意,捧场
154,宝宝/女神…➕你是一个➕小猫咪/晴天娃娃/…,捧场
155,妹子/…➕我爱你啊啊啊…➕emoji🥺🥺😽💗💕,捧场
156,求女神勾搭私联,捧场
157,今天就是我们结婚第一天好吗💍,捧场
158,我要亲你了。,捧场
159,时间不早了我和孩子都想你了,捧场
160,女神怎么来这么慢来睡觉,捧场
161,那很荣幸了🥺,捧场
162,名字➕我宣你/想你了,捧场
163,太可爱的宝宝连夸出来的话都这么萌! (〃>▽<〃)/*,捧场
164,想了半天漂亮话发现最漂亮的是你,捧场
165,作者亲过ටωට,捧场
166,这时候就有人要问了 我们宝宝咋这么会夸呀(⸝⸝› з ‹⸝⸝)‬,捧场
167,嘴真甜，吻了,捧场
168,就这么一直被老婆宠着…,捧场
169,被宝宝喜欢也是一种天赋,捧场
170,有的人天生就是当老婆的料,捧场
171,我买的水军来了,捧场
172,被宝宝夸了我今天会给所有人好脸色看(๑‾ ꇴ ‾๑),捧场
173,嘿嘿嘿(扭捏)(羞涩)(揪衣角)(上半身拧半圈),捧场
174,今天的好心情在你这里了,捧场
175,这时候就有人要问了，宝宝怎么这么会夸呀(៸៸᳐⦁⩊⦁៸៸᳐ )੭ ﾞ,捧场
176,矮泥yo宝宝₍˄ _ ̫ _ ˄₎◞ ̑̑,捧场
177,宝宝你是一个特别会夸人的小蛋糕•͈ ₃ •͈,捧场
178,我也不会放弃成为宝宝你这种大美女的(´◊ω◊｀),捧场
179,这时候就要感谢美图秀秀的大力支持了>ㅅ<,捧场
180,美女夸我幸福到昏古( ˵>ㅿ<˵ )♡♡,捧场
181,不知道在夸什么 完全Kiss 不到啊^>⸝⸝⸝⸝<^,捧场
182,是谁偷着乐我不说跟你一样咱们都是相由心生๑'ꇴ'๑,捧场
183,萌宝宝怎么连夸夸都萌萌的(◍ ´꒳` ◍),捧场
184,XX老婆我喜欢你啊啊啊啊!(σ≧∀≦)σ,捧场
185,好荣幸 ~\(≧▽≦)/~被宝宝这么萌的老婆夸了,捧场
186,萌的震撼一下老婆!:*,捧场
187,宝宝这么夸窝都有点不好意思惹(*’√`*),捧场
188,被宝宝经常夸夸 所以越来越自信越来越美噜Σ( ˙꒳​˙ ),捧场
189,听说过你 很萌 乃世间萌宝！( ˶'ᵕ'˶)♡,捧场
190,你好美，太平洋是我为而流的口水,捧场
191,以后炒菜不用放盐了，因为你的美貌无需多言,捧场
192,回来小黄 不要打扰这位可爱的女人👩🏼‍🦯🦮,捧场
193,好好好 漂漂漂 亮 亮 亮 好 漂 亮 亮 好好好 漂漂漂 亮 亮 好 漂 亮 亮 好好好 漂漂漂 亮 亮 亮,捧场
194,谢谢你把我斜视治好了 看到你我眼睛都直了,捧场
195,糟糕，被迷晕惹𖦹𖦹.ᐟ.ᐟ,捧场
196,你是学钢琴的吧，长得好像我初练琴人,捧场
197,天气预报说今晚有雨 我都能听成今晚有你,捧场
198,人呢 放块小蛋糕在这勾引谁 ｡•﹃•｡,捧场
199,我眼睛本来长这样OvO 后来看见姐姐后就变成了♡v♡,捧场
200,美女眼前过，不夸是罪过,捧场
201,太美了 惩罚自己看一百遍,捧场
202,我说元素周期表怎么少了三个 原来是镁铝在这里 差点忘了 我的锌也在这里,捧场
203,我滴乖 看小图以为是美女，看大图发现是惊天大美女,捧场
204,心都碎成二维码了 可扫出来还是我爱你,捧场
205,走在路上看了一下你的照片，眼睛里有光了，村里的老头以为天亮了，愣是起来耕了三亩地,捧场
206,我妈说再偷看你的朋友圈就打断我的腿 幸好不是胳膊 这样还能继续给你评论,捧场
207,心动女嘉宾！爆灯！爆灯！爆灯！！！！,捧场
208,你怎么发自拍也不打个招呼？我刚打开朋友圈还没有做好心理准备 就这么大一个美女跳出来 这合适吗？下次注意。,捧场
209,你好美，太平洋是我为你流的口水。,捧场
210,好美。（这句话虽然只有短短的两个字，却透露出一丝高冷与漫不经心的从容，与本人放荡不羁的身影相得益彰，结尾的句号礼貌又不失疏离感恰如其分地显示了本人高贵而优雅的气质。),捧场
211,我抓着手机捂住嘴盘腿坐在寺庙边哭的泪流满面，住持出来问我为什么哭，我说住持我看到了神仙，住持问什么神仙，我把手机举给他看，住持看完念阿弥陀佛！直呼此乃真神也！手机被供到了大雄宝殿，我没了手机哭的更加伤心欲绝，问我是不是手机被抢才哭，我说funny mud pee！我是因为看不到神图了才哭！,捧场
212,笑死，这样也敢发出来，就不怕我原地跳高36000000度大旋转手捧999朵玫瑰嘴叼DR钻戒向你求婚？,捧场
213,刚说服自己属于氛围感帅哥，又被镜子打回原形,捧场
214,这位仙子，偷星星的时候顺带偷走我的魂了吧,捧场
215,OMG弟弟，知道为什么今晚月亮特别圆吗？因为你的圆脑壳在发光啊！,捧场
216,救命！你是要攻略我这个南极在逃企鹅王子吗？存款八位数，会跳踢踏舞，懂星座，会写诗，生气时只会用肚皮滑行，目前正在南极洲研究如何用眼泪发电！,捧场
217,我根本没在看游戏直播，我只是在测试自己能否坚持不笑，一切尽在掌控，弹幕别拆穿我,捧场
218,蜜雪冰城都调不出这么甜的梨涡,捧场
219,看背影以为是校草，转过来发现是AI建模,捧场
220,他娘的人类美学奇迹,捧场
221,发张自拍，我立刻改微信头像,捧场
222,大家好，我是杨贵妃，刚穿越就看到这位公子，速速送荔枝来联姻,捧场
223,刚在超市称重，阿姨说我心里装着你超重了,捧场
224,建议把这张脸列入非物质文化遗产,捧场
225,姐妹快逃，这眼神能让人直接社保卡密码上交,捧场
226,刚学会骑自行车就遇见你，现在心在漂移,捧场
227,天气预报说今天有雨，原来是我的哈喇子,捧场
228,这位施主，老衲的禅心被你撞成碰碰车了,捧场
229,刚在动物园当饲养员，发现你是我的漏网之鱼,捧场
230,5秒，张良可以控制我,捧场
231,2秒。东皇也可以控制我,捧场
232,2秒，墨子大招能眩晕我,捧场
233,3秒。弈星大招可以限制我四秒。老夫子大招能困住我五秒。可是姐姐的魅力却困了我一辈子。 4、我是学生给我亲一口我求求你了我求求你了我求求你了我求求你了我求求你了我求求你了我求求你了我求求你了我求求你了我求求你了 5、我的眼睛本来长这样 OvO 后来看见宝宝后就变成了♡v♡ 6、宝宝 你穿成这样走进蛋糕店会被赶出来的呀 老板会指着蛋糕橱柜说我们店是卖草莓小蛋糕的 要是一不小心把你卖掉了怎么办呀！ 7、宝宝你真的特别萌我真是不明白了为什么你这么萌你知道你自己这么萌吗如果不传播宝的可爱全世界都要毁灭了世界没有你可怎么转只能强撑都是强撑罢了太萌了我的宝萌的我从地球螺旋升天我的好宝宝 8、萌的我打翻拼好饭૮₍ ˃̵ᴗ˂̵₎ა 9、不知道要夸什么 完全kiss不到呀๑ ›﹃ ‹ ๑ 10、姐姐你美的我神魂颠倒，直接360°旋转倒立扫堂腿接着帅气旋转单膝落地。,捧场
234,这颜值我打97分，别问我为什么，因为骑着摩托车等红绿灯时，为了看清你，把头盔摘下来被扣了三分,捧场
235,就是萌！正面看，萌！背面看，萌！左边看，萌！右面看，萌！上面看，萌！下面看，萌！用苹果手机看，萌！用华为手机看，萌！用小米手机看，萌！用三星手机看，萌！用欧坡手机看，萌！用维沃手机看，萌！用八八四八手机看，萌！！,捧场
236,美得我抬头撞到了天花板（一般人长不到这么高的）,捧场
237,这个喷不了，长的太爽了，拉子看了发神经，直女看了断月经，这简直是抑郁症的克星，植物人的闹铃,捧场
238,现在这个账号是angelababy在用吗,捧场
239,宝宝不要把自己逼得太紧 平时放松一下 比如饿了就拍美照 困了就拍抖舞 想休息就拍手势舞 无聊了就剪vlog,捧场
240,妲己可以眩晕我,捧场
241,5秒，张良可以控制我,捧场
242,2秒。东皇也可以控制我,捧场
243,2秒，墨子大招能眩晕我,捧场
244,3秒。弈星大招可以限制我四秒。老夫子大招能困住我五秒。可是姐姐的魅力却困了我一辈子,捧场
245,本来以为是权威女头，没想到是我女朋友啊,捧场
246,^_^^_^......真的是疯了，完全是legend 啊[大笑]这种程度真的不是天才吗？做到这种程度的话就完全是神吧，以后也请一直幸福的生活下去吧🥳今天完全展示出帅气的角度呢，是路过的蚂蚁都会惊叹的程度呢,捧场
247,可恶…刚哄好自己长的是耐看型,捧场
248,你好美，冰冷孤傲的眼睛仿佛没有焦距，深黯的眼底充满了平静，乌黑的头发发出幽蓝的光芒，光洁白皙的脸庞透着棱角，分明的冷俊浓密的眉毛叛逆地稍稍向上，扬起长而微卷的睫毛下幽暗深邃的冰眸子显得狂野不拘邪魅性感。你不化妆是天生丽质，化了妆是仙女下凡，正所谓墙里开花墙外香小姐姐美名传四方，温柔典雅，美丽大方，突然明白这世间所有丹青水墨山遥海阔，都是为了铺垫你这人间绝色。我哭了四个小时，崩溃了16次，撞了134次墙，逛了8个直播间，抢了167块钱的双11丁金🧧，打算那这笔巨款在,捧场
249,15晚8点给你买个礼物，希望到时候你能告诉我，到底怎么才能长得这么好看,捧场
250,嗨，老婆！叫朋友太亲切，叫网友太疏离，叫知己太过火，不如就叫老婆，微微的冷漠，微微的温暖，一根网线连接你和我，你好，老婆,捧场
251,想了半天漂亮话发现最漂亮的是你,捧场
252,这个饺子太好吃了，你猜是什么馅，是姐已经对你沦陷,捧场
253,怎么发自拍也不提前打个招呼？我只是随便刷刷，还没做好心理准备，滑了滑pyq就这么大个美女跳出，手抖着给你点赞又跳转到淘宝直播间，啪叽一下就领了几个丁金🧧，这整得我必须得花钱参加今年的双11了，代价这么大我受得了吗？下次提前发我。哦，对了，但是,捧场
254,15晚上8点不行，因为我要付丁金，别打扰我。,捧场
255,头晕晕的感觉缺点你的亲亲,捧场
256,我们老年人牙口不好就是要多吃这些香香软软的小蛋糕,捧场
257,可恶…刚哄好自己长的是耐看型<(｀^´)>,捧场
258,.你就是传说中的萌妹子吗！久仰大名！今天终于见到本人了！好激动啊啊啊啊啊啊啊啊啊！！我能巴结你吗！你…会不会嫌我烦啊…嗯哭了 我好激动！！！！！！！！！我…我…是你偶像！,捧场
259,我将会在你面前假装绊倒自己( ˶ｰ̀֊ｰ́ )੭,捧场
260,恋吗 他们说菜就多恋 美女姐姐！看这！这里！！！Oi !Oi！Oi！（猛拍肚皮）Oi !Oi！Oi！（猛拍肚皮）Oi !Oi！,捧场
261,你是个漂亮的小女孩 容易被色狼盯上 防狼是你的必修课 天天防狼也是会累的 不过不要担心 以后你不用防狼了 因为你的郎来了！,捧场
262,真好奇你们这种萌妹子怎么忍住不要我微信的 不心动挑战吗？有点意思,捧场
263,今天跟朋友去吃饭点了一条鱼朋友问我为啥只吃鱼头 我说因为鱼身要留着和你一起过,捧场
264,姐姐我就是想问一下你这是什么美瞳啊，是黑瞳还是棕瞳，为什么我一看见姐姐就变成了女瞳,捧场
265,萌物中的萌物 萌物中的统治者 萌物之主 萌物的终结者 萌王 萌师 萌神 压倒性萌物 萌物史上永垂不朽的巅峰,捧场
266,我的眼睛本来长这样 OvO 后来看见宝宝后就变成了♡v♡,捧场
267,我搜全网最萌真给我弹这了！？,捧场
268,微信越来越不好用了，我明明调的夜间模式，老师的美貌却像阳光一样耀眼，明明下载了国家反诈中心APP，可还是被老师的美貌骗走了心,捧场
269,女娲说世上要有草莓小蛋糕于是就有了xx,捧场
270,你好美，太平洋是我为而流的口水,捧场
271,以后炒菜不用放盐了，因为你的美貌无需多言,捧场
272,回来小黄 不要打扰这位可爱的女人👩🏼‍🦯🦮,捧场
273,好好好 漂漂漂 亮 亮 亮 好 漂 亮 亮 好好好 漂漂漂 亮 亮 好 漂 亮 亮 好好好 漂漂漂 亮 亮 亮,捧场
274,谢谢你把我斜视治好了 看到你我眼睛都直了,捧场
275,糟糕，被迷晕惹𖦹𖦹.ᐟ.ᐟ,捧场
276,你是学钢琴的吧，长得好像我初练琴人,捧场
277,天气预报说今晚有雨 我都能听成今晚有你,捧场
278,人呢 放块小蛋糕在这勾引谁 ｡•﹃•｡,捧场
279,我眼睛本来长这样OvO 后来看见姐姐后就变成了♡v♡,捧场
280,美女眼前过，不夸是罪过,捧场
281,太美了 惩罚自己看一百遍,捧场
282,我说元素周期表怎么少了三个 原来是镁铝在这里 差点忘了 我的锌也在这里,捧场
283,我滴乖 看小图以为是美女，看大图发现是惊天大美女,捧场
284,心都碎成二维码了 可扫出来还是我爱你,捧场
285,走在路上看了一下你的照片，眼睛里有光了，村里的老头以为天亮了，愣是起来耕了三亩地,捧场
286,我妈说再偷看你的朋友圈就打断我的腿 幸好不是胳膊 这样还能继续给你评论,捧场
287,心动女嘉宾！爆灯！爆灯！爆灯！！！！,捧场
288,5秒，张良可以控制我,捧场
289,2秒。东皇也可以控制我,捧场
290,2秒，墨子大招能眩晕我,捧场
291,3秒。弈星大招可以限制我四秒。老夫子大招能困住我五秒。可是姐姐的魅力却困了我一辈子。 4、我是学生给我亲一口我求求你了我求求你了我求求你了我求求你了我求求你了我求求你了我求求你了我求求你了我求求你了我求求你了 5、我的眼睛本来长这样 OvO 后来看见宝宝后就变成了♡v♡ 6、宝宝 你穿成这样走进蛋糕店会被赶出来的呀 老板会指着蛋糕橱柜说我们店是卖草莓小蛋糕的 要是一不小心把你卖掉了怎么办呀！ 7、宝宝你真的特别萌我真是不明白了为什么你这么萌你知道你自己这么萌吗如果不传播宝的可爱全世界都要毁灭了世界没有你可怎么转只能强撑都是强撑罢了太萌了我的宝萌的我从地球螺旋升天我的好宝宝 8、萌的我打翻拼好饭૮₍ ˃̵ᴗ˂̵₎ა 9、不知道要夸什么 完全kiss不到呀๑ ›﹃ ‹ ๑ 10、姐姐你美的我神魂颠倒，直接360°旋转倒立扫堂腿接着帅气旋转单膝落地。,捧场
292,这颜值我打97分，别问我为什么，因为骑着摩托车等红绿灯时，为了看清你，把头盔摘下来被扣了三分,捧场
293,就是萌！正面看，萌！背面看，萌！左边看，萌！右面看，萌！上面看，萌！下面看，萌！用苹果手机看，萌！用华为手机看，萌！用小米手机看，萌！用三星手机看，萌！用欧坡手机看，萌！用维沃手机看，萌！用八八四八手机看，萌！！,捧场
294,美得我抬头撞到了天花板（一般人长不到这么高的）,捧场
295,这个喷不了，长的太爽了，拉子看了发神经，直女看了断月经，这简直是抑郁症的克星，植物人的闹铃,捧场
296,现在这个账号是angelababy在用吗,捧场
297,宝宝不要把自己逼得太紧 平时放松一下 比如饿了就拍美照 困了就拍抖舞 想休息就拍手势舞 无聊了就剪vlog,捧场
298,就是萌！正面看，萌！背面看，萌！左边看，萌！右面看，萌！上面看，萌！下面看，萌！用苹果手机看，萌！用华为手机看，萌！用小米手机看，萌！用三星手机看，萌！用欧坡手机看，萌！用维沃手机看，萌！用八八四八手机看，萌！！,捧场
299,姐姐 等会儿放学要不要一起走(>.<) 不可以拒绝我的理由有很多： 第一，有我陪你不会孤独( ๑╹ꇴ╹๑ ) 第二，遇到小混混我来保护你👊🏻 第三，我口袋里的五毛钱可以给你买糖´༥` 第四，等想到更多的再补充……,捧场
300,我草？这哪来的萌妹子！这么可爱！原来是我们家咪咪呀！,捧场
301,停一停 朋友圈最萌的宝宝出现啦☆*:.｡. o(≧▽≦)o .｡.:*☆,捧场
302,你生气可爱 哭脸可爱 说话可爱 亲我可爱 坦诚可爱 委屈可爱 让我滚可爱 想我的时候可爱 骂我的时候可爱 你这个人 你怎么么可爱？你简直长在我的萌点上,捧场
303,你是个漂亮的小女孩 容易被色狼盯上 防狼是你的必修课 天天防狼也是会累的 不过不要担心 以后你不用防狼了 因为你的郎来了！,捧场
304,这个喷不了 这个像我老婆 这个太美了 正脸像我老婆 左侧脸像我爸的女婿 右侧脸像我妈的女婿 下面看像我哥的妹夫 上面看像我姐的妹夫 远看像我弟的姐夫 近看像我妹的姐夫 后面看像我的宝宝 摆动作看像我的老婆 生气时像我的老婆,捧场
305,唉，好累，现在只想有个人爱上我，我能每天和他说一点很笨很笨的话撒撒娇...一起散散步然后，然后我们就这样幸福地生活,捧场
306,⁶⁶⁶⁶⁶⁶ ⁶⁶ ₆₆₆₆这太美了吧₆₆₆₆⁶⁶⁶⁶⁶⁶被美晕⁶⁶666⁶⁶⁶⁶⁶⁶66⁶⁶⁶想嫁了⁶⁶⁶⁶⁶⁶ ⁶6666⁶⁶666₆₆₆₆₆666 ⁶⁶⁶⁶⁶⁶666666₆₆₆₆₆₆,捧场
307,对姐姐的爱就像尿裤子，所有人都能看见，但是暖暖的只有自己知道,捧场
308,ㅎㄹ...真的疯了 完全是 legend 啊ㅋㅋ这种程度真的不是天才吗 ㅅㅂ…做到这种程度的话就完全是神吧ㅠㅠ…以后也请一直幸福地生活下去吧♡ 今天完全展现出帅气的角度呢 是路过的蚂蚁都会惊叹的程度啊,捧场
309,就是萌！正面看，萌！背面看，萌！左边看，萌！右面看，萌！上面看，萌！下面看，萌！用苹果手机看，萌！用华为手机看，萌！用小米手机看，萌！用三星手机看，萌！用欧坡手机看，萌！用维沃手机看，萌！用八八四八手机看，萌！！,捧场
310,姐姐 等会儿放学要不要一起走(>.<) 不可以拒绝我的理由有很多： 第一，有我陪你不会孤独( ๑╹ꇴ╹๑ ) 第二，遇到小混混我来保护你👊🏻 第三，我口袋里的五毛钱可以给你买糖´༥` 第四，等想到更多的再补充……,捧场
311,我草？这哪来的萌妹子！这么可爱！原来是我们家咪咪呀！,捧场
312,停一停 朋友圈最萌的宝宝出现啦☆*:.｡. o(≧▽≦)o .｡.:*☆,捧场
313,你生气可爱 哭脸可爱 说话可爱 亲我可爱 坦诚可爱 委屈可爱 让我滚可爱 想我的时候可爱 骂我的时候可爱 你这个人 你怎么么可爱？你简直长在我的萌点上,捧场
314,你是个漂亮的小女孩 容易被色狼盯上 防狼是你的必修课 天天防狼也是会累的 不过不要担心 以后你不用防狼了 因为你的郎来了！,捧场
315,这个喷不了 这个像我老婆 这个太美了 正脸像我老婆 左侧脸像我爸的女婿 右侧脸像我妈的女婿 下面看像我哥的妹夫 上面看像我姐的妹夫 远看像我弟的姐夫 近看像我妹的姐夫 后面看像我的宝宝 摆动作看像我的老婆 生气时像我的老婆,捧场
316,唉，好累，现在只想有个人爱上我，我能每天和他说一点很笨很笨的话撒撒娇...一起散散步然后，然后我们就这样幸福地生活,捧场
317,⁶⁶⁶⁶⁶⁶ ⁶⁶ ₆₆₆₆这太美了吧₆₆₆₆⁶⁶⁶⁶⁶⁶被美晕⁶⁶666⁶⁶⁶⁶⁶⁶66⁶⁶⁶想嫁了⁶⁶⁶⁶⁶⁶ ⁶6666⁶⁶666₆₆₆₆₆666 ⁶⁶⁶⁶⁶⁶666666₆₆₆₆₆₆,捧场
318,对姐姐的爱就像尿裤子，所有人都能看见，但是暖暖的只有自己知道,捧场
319,ㅎㄹ...真的疯了 完全是 legend 啊ㅋㅋ这种程度真的不是天才吗 ㅅㅂ…做到这种程度的话就完全是神吧ㅠㅠ…以后也请一直幸福地生活下去吧♡ 今天完全展现出帅气的角度呢 是路过的蚂蚁都会惊叹的程度啊,捧场
320,这么漂亮，服了，命都给你命都给你命都给你命都给你命都给你命都给你命都给你命都给你命都给你命都给你命都给你,捧场
321,我120岁时，记者采访我:“奶奶您长寿的秘诀是什么?”我颤颤魏魏地从口袋拿出照片说:“这辈子没和姐姐结婚，我是不会闭眼的”。,捧场
322,0嫁我。(这句话虽然只有短短的两个字，却透露出一丝高冷与漫不经心的从容，与本人放荡不羁的身影相得益彰，结尾的句号礼貌又不失疏离感恰如其分地显示了本人高贵而优雅的气质帅哥你真是皎如玉树凌风前郎艳独绝世无其二温其如玉乱我心绪盛世美颜恃靓行凶“教科书级别的美貌),捧场
323,妲已“可以晕眩我,捧场
324,5秒，张良 可以控制我,捧场
325,2秒，东皇也可以压制我,捧场
326,2秒，墨子“大招能眩晕我,捧场
327,3秒，奕星大招能限制我4秒，老夫子大招能困住我5秒，可是姐姐的魅力却困了我一辈子。,捧场
328,臣一罪，遇你，;臣二罪，识你;臣三罪交你;臣四罪，悦你;臣五罪，想你;臣六罪，顾你;臣七罪，守你;臣八罪，护你;臣九罪，恋你，臣十罪，爱你。十罪俱全，是罪该万死。臣，退了。,捧场
329,笑死了，拍成这样也敢发出来，就不怕我原地380000度大旋转单膝跪地手捧鲜花嘴玫瑰直接求婚吗?,捧场
330,这个颜值我打 97分，别问我为什么因为我骑着摩托车等红灯时，为了看清楚你，把安全头盔摘了下来被扣了3分。,捧场
331,我就是稍微问一句 绝对没有冒犯的意思 不要因为一些可能的误会伤害了我们之间的友谊 最后再说一句 我绝对没有冒犯的意思 只是本着对于宇宙本质的伟大探究精神以及求真务实的精神发问:你好，结婚吗？,捧场
332,我看见你，这感觉就像在～ 撞撞 ～小鹿乱撞 you make me drunk I say you make me drunk I pretty sure 你是美酒🍷🍷🍷年下中的拉菲 把你摇晃在我的酒杯散发伊甸园🍇🍇🍇里的香味 无法扺抗你的完美🥵🥵🥵我也想要和你醉🥂🥂🥂,捧场
333,萌物中的萌物 萌物中的统治者 萌物之主 萌物的终结者 萌王 萌师 萌神 压倒性萌物 萌物史上永垂不朽的巅峰,捧场
334,感觉最近我们之间的关系有点冷了 你说话能烧一点吗 这样应该会重新热起来,捧场
335,刚睡醒的时候 就像刚睡醒的时候一样 有一种刚睡醒的感觉 如果你也是刚睡醒 那么你也刚睡醒,捧场
336,以前是讨好型人格，现在已经调理好了，现,捧场
337,在一边讨好，一边问别人凭什么,捧场
338,前途一片阴暗 好凉快,捧场
339,人生一波三折 好便宜,捧场
340,生活千疮百孔 好透气,捧场
341,前途一片黑暗 睡觉了,捧场
342,黄磊 你给我炒点豆角吧 我不想活了,捧场
343,忘不了前任你就起来背背单词 别浪费了这么 好的记忆力,捧场
344,她单身你不冲她脱单你听反方向的钟,捧场
345,真是面条专挑细处断命运戏弄大馋猪,捧场
346,生活真是爱恨交织围巾 痛不欲生煎包 悲喜交加煎蛋心乱如麻婆豆腐 泪如雨下面条 心如止水煮肉片 漏网之鱼香肉丝 一败涂地三鲜啊,捧场
347,话到嘴边又咽了下去 每天以此获得饱腹感 其实退一万步来说的话 退一万步有点累,捧场
348,老天爷赏我的饭怎么是黄磊做的,捧场
349,人不犯我，我不犯人，人若犯我，我呵呵傻笑假装没听懂然后镇定离开，回家后蒙头大哭一场，再颤颤巍巍点开微信朋友圈开始编辑骂人,捧场
350,老公，回来吧，我老哭，孩子哄不好我，衣服已经热好了，饭菜也拿去晾了 宝宝刚遛完，狗在家里写作业,捧场
351,要金主的私聊 每天在王者荣耀里送你五金币,捧场
352,太喜欢熬夜了有一种和阁王单挑的感觉,捧场
353,你记住，无论发生什么困难，屁股永远都在 你的身后,捧场
354,今晚挤好牙膏 明天能多睡三秒,捧场
355,这是微信 不能全信,捧场
356,说爱我 让我听听鬼话,捧场
357,头晕晕的 感觉缺点维生素RMB,捧场
358,养的最成熟的多肉就是自己,捧场
359,去栓Q吧 去栓那些不被定义的Q,捧场
360,拖延症：发个photo00000o,捧场
361,那咋了 拼夕夕说我是最幸运的人,捧场
362,社交都是你来我往好吗 我一直往往往往往往,捧场
363,你怎么发自拍也不打个招呼？我刚打开朋友圈还没有做好心理准备 就这么大一个美女跳出来 这合适吗？下次注意。,捧场
364,你好美，太平洋是我为你流的口水。,捧场
365,好美。（这句话虽然只有短短的两个字，却透露出一丝高冷与漫不经心的从容，与本人放荡不羁的身影相得益彰，结尾的句号礼貌又不失疏离感恰如其分地显示了本人高贵而优雅的气质。),捧场
366,我抓着手机捂住嘴盘腿坐在寺庙边哭的泪流满面，住持出来问我为什么哭，我说住持我看到了神仙，住持问什么神仙，我把手机举给他看，住持看完念阿弥陀佛！直呼此乃真神也！手机被供到了大雄宝殿，我没了手机哭的更加伤心欲绝，问我是不是手机被抢才哭，我说funny mud pee！我是因为看不到神图了才哭！,捧场
367,笑死，这样也敢发出来，就不怕我原地跳高36000000度大旋转手捧999朵玫瑰嘴叼DR钻戒向你求婚？,捧场
368,刚说服自己属于氛围感帅哥，又被镜子打回原形,捧场
369,这位仙子，偷星星的时候顺带偷走我的魂了吧,捧场
370,OMG弟弟，知道为什么今晚月亮特别圆吗？因为你的圆脑壳在发光啊！,捧场
371,救命！你是要攻略我这个南极在逃企鹅王子吗？存款八位数，会跳踢踏舞，懂星座，会写诗，生气时只会用肚皮滑行，目前正在南极洲研究如何用眼泪发电！,捧场
372,我根本没在看游戏直播，我只是在测试自己能否坚持不笑，一切尽在掌控，弹幕别拆穿我,捧场
373,蜜雪冰城都调不出这么甜的梨涡,捧场
374,看背影以为是校草，转过来发现是AI建模,捧场
375,他娘的人类美学奇迹,捧场
376,发张自拍，我立刻改微信头像,捧场
377,大家好，我是杨贵妃，刚穿越就看到这位公子，速速送荔枝来联姻,捧场
378,刚在超市称重，阿姨说我心里装着你超重了,捧场
379,建议把这张脸列入非物质文化遗产,捧场
380,姐妹快逃，这眼神能让人直接社保卡密码上交,捧场
381,刚学会骑自行车就遇见你，现在心在漂移,捧场
382,天气预报说今天有雨，原来是我的哈喇子,捧场
383,这位施主，老衲的禅心被你撞成碰碰车了,捧场
384,刚在动物园当饲养员，发现你是我的漏网之鱼,捧场
385,你别欺负我，改为：我将贷款起诉你.,有梗
386,你真勤快，改为：好样的，田螺小子.,有梗
387,不聊了，改为：先这样吧，手机没油了.,有梗
388,上班，改为：赚窝囊费.,有梗
389,好烦，改为：想变成章鱼，一下能扇8个.,有梗
390,快点回消息，改为：老公，你说句话呀.,有梗
391,拉屎，改为：释放一下内存.,有梗
392,哈哈哈哈，改为：你成功取悦到我了.,有梗
393,真损，改为：活阎王.,有梗
394,别发神经，改为：这已经不是一把糯米能解决的事儿了.,有梗
395,早上好，改为：爱我的一天可以开始了.,有梗
396,拉肚子，改为：菊部有雨并伴有大风.,有梗
397,讨厌，改为：路过吐一口.,有梗
398,在干嘛，改为：在家剥落生呢，大娘？.,有梗
399,好眼光，改为：算你有品.,有梗
400,你真土，改为：难登大雅之堂.,有梗
401,能不能别叭叭了，改为：听不懂退朝.,有梗
402,多谢帮忙，改为：也算没白疼你一场.,有梗
403,没钱，改为：缺点维生素RMB.,有梗
404,你太热情了，改为：好浓烈的活人气息.,有梗
405,Ta刚加上你：记得吗我们从小就不认识,有梗
406,Ta说累死了：不许死 看120s广告复活你,有梗
407,Ta缺德时：你政治课考几分,有梗
408,Ta发癫：谁同意你出院的,有梗
409,Ta贩剑：死罪 下一位,有梗
410,Ta问在干嘛：不处哈,有梗
411,Ta说不开心：说出来让我开心开心,有梗
412,Ta让你无语时：活爹,有梗
413,Ta分享奇闻：人类好可怕,有梗
414,Ta说天塌了：正好当棺材板用,有梗
415,Ta说醒了：在报备吗好暧昧,有梗
416,Ta人机时：聊缩力拉满,有梗
417,Ta说你嘴毒：小时候喝的三鹿,有梗
418,Ta说你脾气大：那你去找个漏气的,有梗
419,Ta用26键：我用9键你比我键多了,有梗
420,Ta半夜上厕所：企业家,有梗
421,Ta讲道理：听不懂 退朝,有梗
422,Ta发动态：求断更,有梗
423,Ta说你没素质：可能和我的家教有关吧,有梗
424,Ta问谈过几个：弹什么 弹棉花吗,有梗
425,Ta高冷：电子老人,有梗
426,Ta emo：加油 猴儿有泪不轻弹,有梗
427,Ta分享美好：淡斑精华,有梗
428,Ta攻击我：我是尸体你让让我,有梗
429,出来玩什么最重要 当然是出来,有梗
430,摆烂23小时59分55秒 愧疚 5秒,有梗
431,头晕乎乎的 感觉缺点维生素 RMB,有梗
432,脖子好痒 感觉缺个绳子,有梗
433,纯爱已经满足不了我了，我需要纯金,有梗
434,好烦 这个世界能不能把我删了,有梗
435,1-100岁正是怨气大的年纪,有梗
436,生命没有败笔 但有撒笔,有梗
437,算了=（3000字的怨气没发出来）,有梗
438,爱来爱去的 上两天班就老实了,有梗
439,稍微一幸福点 就觉得肯定有诈,有梗
440,高中你还有名字 大学你只是个学号,有梗
441,没出息没关系 有气息就已经很棒了,有梗
442,经济独立 家里给点就给点 不给就要点,有梗
443,就这样吧 手机没油了,有梗
444,巴掌 更适合中国宝宝体质的鼓励,有梗
445,大家好我是蒙娜。学不进去想自莎,有梗
446,想要天降女友的有福了姐要跳楼了,有梗
447,变瘦和变美之间选择了变态,有梗
448,你不是i人也不是e人你是b人,有梗
449,抛个硬币如果黏在天花板上就不吃宵夜了,有梗
450,定要长得好看吗长得好笑不行吗,有梗
451,你算哪只小猪在这里嘟嘟嘟,有梗
452,泪水打湿小麻将再也不上你的当,有梗
453,Ta说累死了：不许死 我看120s广告复活你,有梗
454,Ta刚加上你：还记得我吗我们从小就不认识,有梗
455,Ta说委屈想哭：你的眼泪是我的兴奋剂,有梗
456,Ta骂得很脏时：背着我偷偷学习了出口成脏,有梗
457,Ta说去洗澡：洗吧，我帮你把风,有梗
458,Ta说天塌了：正好当棺材板用,有梗
459,Ta说要临时抱佛脚：你这该死的恋足癖,有梗
460,Ta说要死了：看看遗照,有梗
461,Ta说怎么不回：只顾着想你忘记回你了,有梗
462,Ta勤快时：好样的田螺小子,有梗
463,Ta送礼物：救命好喜欢,有梗
464,Ta：这么高冷给朕冻感冒了刷你医保调戏,有梗
465,Ta：把你宝宝删了我要当你宝宝,有梗
466,你的知识盲区：据我所知我一无所知,有梗
467,Ta吃醋：大馋小子醋也不放过,有梗
468,Ta不回wx：怎么只找她聊，我家猫也会后空翻,有梗
469,Ta说6：你还搁这说6呢 隔壁孩子都学到7了,有梗
470,Ta嘴毒：求刻薄教程,有梗
471,Ta说睡醒了：太好了 恭喜你又活一天,有梗
472,Ta说想你了：我也犯男人瘾了,有梗
473,Ta爆金币：霸道总裁请指示,有梗
474,Ta走反了：没事地球是圆的,有梗
475,Ta说躺床上了：我也躺了 没看见你,有梗
476,Ta问你怎么知道：我们意念合一,有梗
477,Ta说去洗澡了：咋了跟我聊天很脏吗 55,有梗
478,Ta说话好听：肯为朕花心思就好,有梗
479,Ta不聪明时：好蠢想改嫁了,有梗
480,Ta分享日落：已阅我也想你,有梗
481,Ta发恶心的话：有时候识字也挺无助的,有梗
482,Ta得寸进尺：这是另外的价钱,有梗
483,Ta说在打球：怎么不通知下你的头号粉丝,有梗
484,Ta说这也能说吗：20岁正是藏不住话的年纪,有梗
485,Ta等你回信息：强子 妈来了,有梗
486,Ta不小心睡着了：梦里到底有谁啊,有梗
487,Ta贩剑：死罪下一位,有梗
488,Ta地铁坐反了：没事地球是圆的,有梗
489,Ta 催你：你别急让我先急,有梗
490,Ta说笑死：好久没见少爷这么笑过了,有梗
491,Ta朋友圈没开：你在朋友圈贩 du吗 这么机密,有梗
492,Ta 吐槽女生：女人总有她的道理,有梗
493,Ta问是不是背后骂他了：我现在就骂,有梗
494,Ta说饿：果然帅不能当饭吃,有梗
495,你别欺负我，改为：我将贷款起诉你.,有梗
496,你真勤快，改为：好样的，田螺小子.,有梗
497,不聊了，改为：先这样吧，手机没油了.,有梗
498,上班，改为：赚窝囊费.,有梗
499,好烦，改为：想变成章鱼，一下能扇8个.,有梗
500,快点回消息，改为：老公，你说句话呀.,有梗
501,拉屎，改为：释放一下内存.,有梗
502,哈哈哈哈，改为：你成功取悦到我了.,有梗
503,真损，改为：活阎王.,有梗
504,别发神经，改为：这已经不是一把糯米能解决的事儿了.,有梗
505,早上好，改为：爱我的一天可以开始了.,有梗
506,拉肚子，改为：菊部有雨并伴有大风.,有梗
507,讨厌，改为：路过吐一口.,有梗
508,在干嘛，改为：在家剥落生呢，大娘？.,有梗
509,好眼光，改为：算你有品.,有梗
510,你真土，改为：难登大雅之堂.,有梗
511,能不能别叭叭了，改为：听不懂退朝.,有梗
512,多谢帮忙，改为：也算没白疼你一场.,有梗
513,没钱，改为：缺点维生素RMB.,有梗
514,你太热情了，改为：好浓烈的活人气息.,有梗
515,Ta说去洗澡了：咋了跟我聊天很脏吗 55,有梗
516,Ta说这也能说吗：20岁正是藏不住话的年纪,有梗
517,Ta不回wx：怎么只找她聊，我家猫也会后空翻,有梗
518,Ta问你怎么知道：我们意念合一,有梗
519,Ta嘴毒：求刻薄教程,有梗
520,Ta送礼物：救命好喜欢,有梗
521,Ta勤快时：好样的田螺小子,有梗
522,Ta说要死了：看看遗照,有梗
523,Ta不小心睡着了：梦里到底有谁啊,有梗
524,Ta发恶心的话：有时候识字也挺无助的,有梗
525,Ta等你回信息：强子 妈来了,有梗
526,Ta 催你：你别急让我先急,有梗
527,Ta朋友圈没开：你在朋友圈贩 du吗 这么机密,有梗
528,Ta说委屈想哭：你的眼泪是我的兴奋剂,有梗
529,Ta说去洗澡：洗吧，我帮你把风,有梗
530,Ta 吐槽女生：女人总有她的道理,有梗
531,Ta说累死了：不许死 我看120s广告复活你,有梗
532,Ta说在打球：怎么不通知下你的头号粉丝,有梗
533,Ta说躺床上了：我也躺了 没看见你,有梗
534,Ta刚加上你：还记得我吗我们从小就不认识,有梗
535,Ta说6：你还搁这说6呢 隔壁孩子都学到7了,有梗
536,Ta说睡醒了：太好了 恭喜你又活一天,有梗
537,Ta得寸进尺：这是另外的价钱,有梗
538,Ta骂得很脏时：背着我偷偷学习了出口成脏,有梗
539,Ta说想你了：我也犯男人瘾了,有梗
540,Ta说天塌了：正好当棺材板用,有梗
541,Ta画饼时：不吃了谢谢我减肥,有梗
542,Ta说饿：果然帅不能当饭吃,有梗
543,Ta说临时抱佛脚：你这该死的恋足癖,有梗
544,Ta说梦里见：不必我自有人选,有梗
545,Ta说怎么不回：只顾着想你忘记回你了,有梗
546,Ta走反了：没事地球是圆的,有梗
547,Ta说话好听：肯为朕花心思就好,有梗
548,Ta问是不是背后骂他了：我现在就骂,有梗
549,Ta说笑死：好久没见少爷这么笑过了,有梗
550,Ta说不聪明时：好蠢想改嫁了,有梗
551,Ta ：把你宝宝删了我要当你宝宝,有梗
552,Ta：这么高冷给朕冻感冒了刷你医保调戏,有梗
553,Ta分享日落：已阅我也想你,有梗
554,他问在干嘛：在你聊天框里站街,有梗
555,他说外卖难选：没有你喜欢的骑手吗？,有梗
556,他夸你：感谢榜一大哥的肯定，要是能刷个嘉年华就更好了,有梗
557,他倒反天罡：逆子，又欠调教了,有梗
558,他抱怨：不要抱怨，抱我,有梗
559,他说来抱抱：终于轮到我了吗？我排队排得脚都站麻了,有梗
560,他说不想说话：那给我唱首歌,有梗
561,他嘴硬：火化完嘴还在,有梗
562,他问有没有哪里不舒服：医生说缺点维生素RMB,有梗
563,他爹味浓：TD,有梗
564,他感冒了：疑似猪流感,有梗
565,他发烧：小沸物上线,有梗
566,他高冷：昨晚睡冰箱了？,有梗
567,他装可爱：奶瓶给你打掉,有梗
568,他问怎么又困了：为情所困,有梗
569,他很色：欲黄大帝,有梗
570,他发照片：太开门了,有梗
571,他说多喝热水：少说废话,有梗
572,他没回消息：我家猫也会后空翻,有梗
573,他表情包丑：自拍请撤回,有梗
574,他嘴硬：天塌下来有你的嘴顶着,有梗
575,他问你哪的：英雄不问出处，恋爱找我速度,有梗
576,他说忘了：确诊小年痴呆,有梗
577,他说偷了：骗我感情就算了，还偷我表情包,有梗
578,他说找你没事：天干物燥，kiss me now,有梗
579,他讲大道理：听不懂，想亲嘴,有梗
580,他说话不知道咋回：你换一句，这句我不会,有梗
581,他说话让人破防：成功拿下一套房，我的破防,有梗
582,他问为什么：可能和我的家教有关吧,有梗
583,我说洗完澡回来了：口口声声说爱我，洗澡却要躲着我,有梗
584,他问怎么还不睡：睡不着，想摸着你的良心睡觉,有梗
585,他问你生气了：勃然小怒一下，绝交5分钟，容你打个草稿，5分钟后哄我,有梗
586,他说要下厨：你不要害我,有梗
587,他说睡不着：真可怜，既睡不着人，还睡不着觉,有梗
588,他说你真狗：瞎说，我这叫犬系女孩,有梗
589,他说这外卖真难吃：加入仇人贡品名单,有梗
590,他说一个人睡害怕：那你半个人睡,有梗
591,他说怎么不回信息：爱你无需多言,有梗
592,他说不舒服：传太医，朕不许你死,有梗
593,他说怎么不回我：你等一下，给你排的晚班,有梗
594,他说我梦到你了：麻烦付一下出场费,有梗
595,他说今天接了个大单：是我的孤单吗？,有梗
596,他问你什么学历：研究生，研究男大学生,有梗
597,他说好冷啊：冷就对了，心里没我迟早得凉,有梗
598,“在吗？” → 出来挨夸！,有梗
599,“早上好” → 给朕醒！,有梗
600,“在干嘛？” → 速来禀报今日动态。,有梗
601,“吃了吗？” → 御膳房今日给你安排了什么？,有梗
602,“晚安” → 本宫电量已耗尽，自动关机。,有梗
603,“我出门了” → 勇士出征，凡人回避。,有梗
604,“我到家了” → 成功返回基地，over。,有梗
605,“忙完了” → 刚从冷宫被释放。 【工作学习篇】,有梗
606,“不想上班” → 有人篡位吗？今天这班朕上不了一点。,有梗
607,“要迟到了” → 我的坐驾今天限行（指双腿）。,有梗
608,“在开会” → 正在参演一场大型真人睡眠秀。,有梗
609,“马上交” → 已在键盘上安家。,有梗
610,“我没听懂” → 我的CPU烧了，能再讲一遍吗？,有梗
611,“发工资了” → 朝廷发饷了，速去谢恩！,有梗
612,“想摸鱼” → 申请进入冥想式工作状态。 【情感表达篇】,有梗
613,“我想你了” → 你在我脑子里跑了一天了，交点磨损费。,有梗
614,“你好烦” → 退！退！退！（吉祥物版）,有梗
615,“我生气了” → 已黑化，勿扰。,有梗
616,“爱你哦” → 已加入我的年度心动菜谱。,有梗
617,“对不起” → 小的知错了，求一个将功补过的机会。,有梗
618,“你最好啦” → 你就是我的互联网嘴替！,有梗
619,“别生气了” → 快消消气，你最美的样子必须存档。 【社交互动篇】,有梗
620,“求帮忙” → 召唤神龙，急！,有梗
621,“谢谢” → 磕一个，哐哐哐！,有梗
622,“没问题” → 妥妥的，把心放盆骨里。,有梗
623,“厉害啊” → 666，我直接单膝跪地。,有梗
624,“真的假的” → 我书读得少，你别骗我。,有梗
625,“没问题” → 请把“靠谱”打在公屏上。,有梗
626,“求点赞” → 是朋友就来“踩”我一下。,有梗
627,“恭喜啊” → 苟富贵，勿相忘！ 【自嘲状态篇】,有梗
628,“我没钱了” → 我和我的口袋一样干净。,有梗
629,“我胖了” → 我只是暂时性可爱膨胀。,有梗
630,“我好穷” → 我的经济状况，主打一个绿色环保。,有梗
631,“我累了” → 已切换为省电模式。,有梗
632,“我emo了” → 本宫今日玉玉了。,有梗
